Component_,Feature_,File_Manifest,File_Application,Attributes
C__00723E16360A456D922FB81C139560ED.6492B5CA1425435EB4E109C1192F04D7,FeatureService,_00723E16360A456D922FB81C139560ED.6492B5CA1425435EB4E109C1192F04D7,_00723E16360A456D922FB81C139560ED.6492B5CA1425435EB4E109C1192F04D7,0
C__0B38D2CE72EE4FA1B7B95793DCD41E3A.6492B5CA1425435EB4E109C1192F04D7,FeatureService,_0B38D2CE72EE4FA1B7B95793DCD41E3A.6492B5CA1425435EB4E109C1192F04D7,_0B38D2CE72EE4FA1B7B95793DCD41E3A.6492B5CA1425435EB4E109C1192F04D7,0
C__17F6E11913884A6DBE1D3FB892C0BB50.6492B5CA1425435EB4E109C1192F04D7,FeatureService,_17F6E11913884A6DBE1D3FB892C0BB50.6492B5CA1425435EB4E109C1192F04D7,,0
C__19198212A3F6400F8EAB7538C6B61969.6492B5CA1425435EB4E109C1192F04D7,FeatureService,_19198212A3F6400F8EAB7538C6B61969.6492B5CA1425435EB4E109C1192F04D7,_19198212A3F6400F8EAB7538C6B61969.6492B5CA1425435EB4E109C1192F04D7,0
C__368855A407D14693B4EB3AE549EFC3CD.6492B5CA1425435EB4E109C1192F04D7,FeatureService,_368855A407D14693B4EB3AE549EFC3CD.6492B5CA1425435EB4E109C1192F04D7,_368855A407D14693B4EB3AE549EFC3CD.6492B5CA1425435EB4E109C1192F04D7,0
C__39FA06DA38434F4A80747ECCB3F04883.6492B5CA1425435EB4E109C1192F04D7,FeatureService,_39FA06DA38434F4A80747ECCB3F04883.6492B5CA1425435EB4E109C1192F04D7,,0
C__4BB71012704645C2A9E684CE92149CA7.6492B5CA1425435EB4E109C1192F04D7,FeatureService,_4BB71012704645C2A9E684CE92149CA7.6492B5CA1425435EB4E109C1192F04D7,_4BB71012704645C2A9E684CE92149CA7.6492B5CA1425435EB4E109C1192F04D7,0
C__584CDE6B87C24F1380AEFEB8E925B9ED.6492B5CA1425435EB4E109C1192F04D7,FeatureService,_584CDE6B87C24F1380AEFEB8E925B9ED.6492B5CA1425435EB4E109C1192F04D7,,0
C__5E14379C20DC49D0B41C956DA40092F0.6492B5CA1425435EB4E109C1192F04D7,FeatureService,_5E14379C20DC49D0B41C956DA40092F0.6492B5CA1425435EB4E109C1192F04D7,_5E14379C20DC49D0B41C956DA40092F0.6492B5CA1425435EB4E109C1192F04D7,0
C__63AB233AF4FD4E759EDF279EF0CF1FA9.6492B5CA1425435EB4E109C1192F04D7,FeatureService,_63AB233AF4FD4E759EDF279EF0CF1FA9.6492B5CA1425435EB4E109C1192F04D7,,0
C__7EE26E93E6734BD68D52C315E0681BD9.6492B5CA1425435EB4E109C1192F04D7,FeatureService,_7EE26E93E6734BD68D52C315E0681BD9.6492B5CA1425435EB4E109C1192F04D7,,0
C__8B328C6CEF4240D588A1515F614FE084.6492B5CA1425435EB4E109C1192F04D7,FeatureService,_8B328C6CEF4240D588A1515F614FE084.6492B5CA1425435EB4E109C1192F04D7,_8B328C6CEF4240D588A1515F614FE084.6492B5CA1425435EB4E109C1192F04D7,0
C__93A6ECBD0FD647118689B8B72F891504.6492B5CA1425435EB4E109C1192F04D7,FeatureService,_93A6ECBD0FD647118689B8B72F891504.6492B5CA1425435EB4E109C1192F04D7,,0
C__A6047C11C21A431FAE28CAA466E1C4DB.6492B5CA1425435EB4E109C1192F04D7,FeatureService,_A6047C11C21A431FAE28CAA466E1C4DB.6492B5CA1425435EB4E109C1192F04D7,_A6047C11C21A431FAE28CAA466E1C4DB.6492B5CA1425435EB4E109C1192F04D7,0
C__AF53696CCA904EBFA29D5DC1C087A1E9.6492B5CA1425435EB4E109C1192F04D7,FeatureService,_AF53696CCA904EBFA29D5DC1C087A1E9.6492B5CA1425435EB4E109C1192F04D7,,0
C__B36AC5A3AE404A989595E41479E2FCD6.6492B5CA1425435EB4E109C1192F04D7,FeatureService,_B36AC5A3AE404A989595E41479E2FCD6.6492B5CA1425435EB4E109C1192F04D7,,0
C__B7FA60E80B904AFBB2F6F1FB48433933.6492B5CA1425435EB4E109C1192F04D7,FeatureService,_B7FA60E80B904AFBB2F6F1FB48433933.6492B5CA1425435EB4E109C1192F04D7,,0
C__C73D447270B84A4CB7A34547F586DCBA.6492B5CA1425435EB4E109C1192F04D7,FeatureService,_C73D447270B84A4CB7A34547F586DCBA.6492B5CA1425435EB4E109C1192F04D7,,0
C__C9C0F929F93A494FB3E68DC54EB17AED.6492B5CA1425435EB4E109C1192F04D7,FeatureService,_C9C0F929F93A494FB3E68DC54EB17AED.6492B5CA1425435EB4E109C1192F04D7,_C9C0F929F93A494FB3E68DC54EB17AED.6492B5CA1425435EB4E109C1192F04D7,0
C__CAF8F581356D49C9963912817A38E6D1.6492B5CA1425435EB4E109C1192F04D7,FeatureService,_CAF8F581356D49C9963912817A38E6D1.6492B5CA1425435EB4E109C1192F04D7,_CAF8F581356D49C9963912817A38E6D1.6492B5CA1425435EB4E109C1192F04D7,0
C__CD415B4291D14389A21AD0109160D54D.6492B5CA1425435EB4E109C1192F04D7,FeatureService,_CD415B4291D14389A21AD0109160D54D.6492B5CA1425435EB4E109C1192F04D7,_CD415B4291D14389A21AD0109160D54D.6492B5CA1425435EB4E109C1192F04D7,0
C__E2A0D21B66814927A7D1D5C1536AA699.6492B5CA1425435EB4E109C1192F04D7,FeatureService,_E2A0D21B66814927A7D1D5C1536AA699.6492B5CA1425435EB4E109C1192F04D7,,0
MSXML4_Parser.2E8D8EBB_CC16_45E1_BBCA_CB1ED881EDB7,FeatureService,msxml4.Manifest.sxs.2E8D8EBB_CC16_45E1_BBCA_CB1ED881EDB7,,1
MSXML4_Unicode.2E8D8EBB_CC16_45E1_BBCA_CB1ED881EDB7,FeatureService,msxml4r.Manifest.sxs.2E8D8EBB_CC16_45E1_BBCA_CB1ED881EDB7,,1
uplevel.98CB24AD_52FB_DB5F_FF1F_C8B3B9A1E18E,FeatureService,ul_manifest.98CB24AD_52FB_DB5F_FF1F_C8B3B9A1E18E,,1
